Poke_ID,Name,Extra Name,Type One,Type Two,HP,Attack,Defense,Special Attack,Special Defense,Total
1,Bulbasaur,,Grass,Poison,45,49,49,65,65,318
2,Ivysaur,,Grass,Poison,60,62,63,80,80,405
3,Venusaur,,Grass,Poison,80,82,83,100,100,525
4,Venusaur,Mega Venusaur,Grass,Poison,80,100,123,122,120,625
5,Charmander,,Fire,,39,52,43,60,50,309
6,Charmeleon,,Fire,,58,64,58,80,65,405
7,Charizard,,Fire,Flying,78,84,78,109,85,534
8,Charizard,Mega Charizard X,Fire,Dragon,78,130,111,130,85,634
9,Charizard,Mega Charizard Y,Fire,Flying,78,104,78,159,115,634
10,Squirtle,,Water,,44,48,65,50,64,314
11,Wartortle,,Water,,59,63,80,65,80,405
12,Blastoise,,Water,,79,83,100,85,105,530
13,Blastoise,Mega Blastoise,Water,,79,103,120,135,115,630
14,Caterpie,,Bug,,45,30,35,20,20,195
15,Metapod,,Bug,,50,20,55,25,25,205
16,Butterfree,,Bug,Flying,60,45,50,90,80,395
17,Weedle,,Bug,Poison,40,35,30,20,20,195
18,Kakuna,,Bug,Poison,45,25,50,25,25,205
19,Beedrill,,Bug,Poison,65,90,40,45,80,395
20,Beedrill,Mega Beedrill,Bug,Poison,65,150,40,15,80,495
21,Pidgey,,Normal,Flying,40,45,40,35,35,251
22,Pidgeotto,,Normal,Flying,63,60,55,50,50,349
23,Pidgeot,,Normal,Flying,83,80,75,70,70,479
24,Pidgeot,Mega Pidgeot,Normal,Flying,83,80,80,135,80,579
25,Rattata,,Normal,,30,56,35,25,35,253
26,Rattata,Alolan Rattata,Dark,Normal,30,56,35,25,35,253
27,Raticate,,Normal,,55,81,60,50,70,413
28,Raticate,Alolan Raticate,Dark,Normal,75,71,70,40,80,413
29,Spearow,,Normal,Flying,40,60,30,31,31,262
30,Fearow,,Normal,Flying,65,90,65,61,61,442
31,Ekans,,Poison,,35,60,44,40,54,288
32,Arbok,,Poison,,60,95,69,65,79,448
33,Pikachu,,Electric,,35,55,40,50,50,320
34,Pikachu,Partner Pikachu,Electric,,45,80,50,75,60,430
35,Raichu,,Electric,,60,90,55,90,80,485
36,Raichu,Alolan Raichu,Electric,Psychic,60,85,50,95,85,485
37,Sandshrew,,Ground,,50,75,85,20,30,300
38,Sandshrew,Alolan Sandshrew,Ice,Steel,50,75,90,10,35,300
39,Sandslash,,Ground,,75,100,110,45,55,450
40,Sandslash,Alolan Sandslash,Ice,Steel,75,100,120,25,65,450
41,Nidoranâ™€,,Poison,,55,47,52,40,40,275
42,Nidorina,,Poison,,70,62,67,55,55,365
43,Nidoqueen,,Poison,Ground,90,92,87,75,85,505
44,Nidoranâ™‚,,Poison,,46,57,40,40,40,273
45,Nidorino,,Poison,,61,72,57,55,55,365
46,Nidoking,,Poison,Ground,81,102,77,85,75,505
47,Clefairy,,Fairy,,70,45,48,60,65,323
48,Clefable,,Fairy,,95,70,73,95,90,483
49,Vulpix,,Fire,,38,41,40,50,65,299
50,Vulpix,Alolan Vulpix,Ice,,38,41,40,50,65,299
51,Ninetales,,Fire,,73,76,75,81,100,505
52,Ninetales,Alolan Ninetales,Ice,Fairy,73,67,75,81,100,505
53,Jigglypuff,,Normal,Fairy,115,45,20,45,25,270
54,Wigglytuff,,Normal,Fairy,140,70,45,85,50,435
55,Zubat,,Poison,Flying,40,45,35,30,40,245
56,Golbat,,Poison,Flying,75,80,70,65,75,455
57,Oddish,,Grass,Poison,45,50,55,75,65,320
58,Gloom,,Grass,Poison,60,65,70,85,75,395
59,Vileplume,,Grass,Poison,75,80,85,110,90,490
60,Paras,,Bug,Grass,35,70,55,45,55,285
61,Parasect,,Bug,Grass,60,95,80,60,80,405
62,Venonat,,Bug,Poison,60,55,50,40,55,305
63,Venomoth,,Bug,Poison,70,65,60,90,75,450
64,Diglett,,Ground,,10,55,25,35,45,265
65,Diglett,Alolan Diglett,Ground,Steel,10,55,30,35,45,265
66,Dugtrio,,Ground,,35,100,50,50,70,425
67,Dugtrio,Alolan Dugtrio,Ground,Steel,35,100,60,50,70,425
68,Meowth,,Normal,,40,45,35,40,40,290
69,Meowth,Alolan Meowth,Dark,,40,35,35,50,40,290
70,Meowth,Galarian Meowth,Steel,,50,65,55,40,40,290
71,Persian,,Normal,,65,70,60,65,65,440
72,Persian,Alolan Persian,Dark,,65,60,60,75,65,440
73,Psyduck,,Water,,50,52,48,65,50,320
74,Golduck,,Water,,80,82,78,95,80,500
75,Mankey,,Fighting,,40,80,35,35,45,305
76,Primeape,,Fighting,,65,105,60,60,70,455
77,Growlithe,,Fire,,55,70,45,70,50,350
78,Growlithe,Hisuian Growlithe,Fire,Rock,60,75,45,65,50,350
79,Arcanine,,Fire,,90,110,80,100,80,555
80,Arcanine,Hisuian Arcanine,Fire,Rock,95,115,80,95,80,555
81,Poliwag,,Water,,40,50,40,40,40,300
82,Poliwhirl,,Water,,65,65,65,50,50,385
83,Poliwrath,,Water,Fighting,90,95,95,70,90,510
84,Abra,,Psychic,,25,20,15,105,55,310
85,Kadabra,,Psychic,,40,35,30,120,70,400
86,Alakazam,,Psychic,,55,50,45,135,95,500
87,Alakazam,Mega Alakazam,Psychic,,55,50,65,175,105,600
88,Machop,,Fighting,,70,80,50,35,35,305
89,Machoke,,Fighting,,80,100,70,50,60,405
90,Machamp,,Fighting,,90,130,80,65,85,505
91,Bellsprout,,Grass,Poison,50,75,35,70,30,300
92,Weepinbell,,Grass,Poison,65,90,50,85,45,390
93,Victreebel,,Grass,Poison,80,105,65,100,70,490
94,Tentacool,,Water,Poison,40,40,35,50,100,335
95,Tentacruel,,Water,Poison,80,70,65,80,120,515
96,Geodude,,Rock,Ground,40,80,100,30,30,300
97,Geodude,Alolan Geodude,Rock,Electric,40,80,100,30,30,300
98,Graveler,,Rock,Ground,55,95,115,45,45,390
99,Graveler,Alolan Graveler,Rock,Electric,55,95,115,45,45,390
100,Golem,,Rock,Ground,80,120,130,55,65,495
101,Golem,Alolan Golem,Rock,Electric,80,120,130,55,65,495
102,Ponyta,,Fire,,50,85,55,65,65,410
103,Ponyta,Galarian Ponyta,Psychic,,50,85,55,65,65,410
104,Rapidash,,Fire,,65,100,70,80,80,500
105,Rapidash,Galarian Rapidash,Psychic,Fairy,65,100,70,80,80,500
106,Slowpoke,,Water,Psychic,90,65,65,40,40,315
107,Slowpoke,Galarian Slowpoke,Psychic,,90,65,65,40,40,315
108,Slowbro,,Water,Psychic,95,75,110,100,80,490
109,Slowbro,Mega Slowbro,Water,Psychic,95,75,180,130,80,590
110,Slowbro,Galarian Slowbro,Poison,Psychic,95,100,95,100,70,490
111,Magnemite,,Electric,Steel,25,35,70,95,55,325
112,Magneton,,Electric,Steel,50,60,95,120,70,465
113,Farfetch'd,,Normal,Flying,52,90,55,58,62,377
114,Farfetch'd,Galarian Farfetch'd,Fighting,,52,95,55,58,62,377
115,Doduo,,Normal,Flying,35,85,45,35,35,310
116,Dodrio,,Normal,Flying,60,110,70,60,60,470
117,Seel,,Water,,65,45,55,45,70,325
118,Dewgong,,Water,Ice,90,70,80,70,95,475
119,Grimer,,Poison,,80,80,50,40,50,325
120,Grimer,Alolan Grimer,Poison,Dark,80,80,50,40,50,325
121,Muk,,Poison,,105,105,75,65,100,500
122,Muk,Alolan Muk,Poison,Dark,105,105,75,65,100,500
123,Shellder,,Water,,30,65,100,45,25,305
124,Cloyster,,Water,Ice,50,95,180,85,45,525
125,Gastly,,Ghost,Poison,30,35,30,100,35,310
126,Haunter,,Ghost,Poison,45,50,45,115,55,405
127,Gengar,,Ghost,Poison,60,65,60,130,75,500
128,Gengar,Mega Gengar,Ghost,Poison,60,65,80,170,95,600
129,Onix,,Rock,Ground,35,45,160,30,45,385
130,Drowzee,,Psychic,,60,48,45,43,90,328
131,Hypno,,Psychic,,85,73,70,73,115,483
132,Krabby,,Water,,30,105,90,25,25,325
133,Kingler,,Water,,55,130,115,50,50,475
134,Voltorb,,Electric,,40,30,50,55,55,330
135,Voltorb,Hisuian Voltorb,Electric,Grass,40,30,50,55,55,330
136,Electrode,,Electric,,60,50,70,80,80,490
137,Electrode,Hisuian Electrode,Electric,Grass,60,50,70,80,80,490
138,Exeggcute,,Grass,Psychic,60,40,80,60,45,325
139,Exeggutor,,Grass,Psychic,95,95,85,125,75,530
140,Exeggutor,Alolan Exeggutor,Grass,Dragon,95,105,85,125,75,530
141,Cubone,,Ground,,50,50,95,40,50,320
142,Marowak,,Ground,,60,80,110,50,80,425
143,Marowak,Alolan Marowak,Fire,Ghost,60,80,110,50,80,425
144,Hitmonlee,,Fighting,,50,120,53,35,110,455
145,Hitmonchan,,Fighting,,50,105,79,35,110,455
146,Lickitung,,Normal,,90,55,75,60,75,385
147,Koffing,,Poison,,40,65,95,60,45,340
148,Weezing,,Poison,,65,90,120,85,70,490
149,Weezing,Galarian Weezing,Poison,Fairy,65,90,120,85,70,490
150,Rhyhorn,,Ground,Rock,80,85,95,30,30,345
151,Rhydon,,Ground,Rock,105,130,120,45,45,485
152,Chansey,,Normal,,250,5,5,35,105,450
153,Tangela,,Grass,,65,55,115,100,40,435
154,Kangaskhan,,Normal,,105,95,80,40,80,490
155,Kangaskhan,Mega Kangaskhan,Normal,,105,125,100,60,100,590
156,Horsea,,Water,,30,40,70,70,25,295
157,Seadra,,Water,,55,65,95,95,45,440
158,Goldeen,,Water,,45,67,60,35,50,320
159,Seaking,,Water,,80,92,65,65,80,450
160,Staryu,,Water,,30,45,55,70,55,340
161,Starmie,,Water,Psychic,60,75,85,100,85,520
162,Mr. Mime,,Psychic,Fairy,40,45,65,100,120,460
163,Mr. Mime,Galarian Mr. Mime,Ice,Psychic,50,65,65,90,90,460
164,Scyther,,Bug,Flying,70,110,80,55,80,500
165,Jynx,,Ice,Psychic,65,50,35,115,95,455
166,Electabuzz,,Electric,,65,83,57,95,85,490
167,Magmar,,Fire,,65,95,57,100,85,495
168,Pinsir,,Bug,,65,125,100,55,70,500
169,Pinsir,Mega Pinsir,Bug,Flying,65,155,120,65,90,600
170,Tauros,,Normal,,75,100,95,40,70,490
171,Tauros,Combat Breed,Fighting,,75,110,105,30,70,490
172,Tauros,Blaze Breed,Fighting,Fire,75,110,105,30,70,490
173,Tauros,Aqua Breed,Fighting,Water,75,110,105,30,70,490
174,Magikarp,,Water,,20,10,55,15,20,200
175,Gyarados,,Water,Flying,95,125,79,60,100,540
176,Gyarados,Mega Gyarados,Water,Dark,95,155,109,70,130,640
177,Lapras,,Water,Ice,130,85,80,85,95,535
178,Ditto,,Normal,,48,48,48,48,48,288
179,Eevee,,Normal,,55,55,50,45,65,325
180,Eevee,Partner Eevee,Normal,,65,75,70,65,85,435
181,Vaporeon,,Water,,130,65,60,110,95,525
182,Jolteon,,Electric,,65,65,60,110,95,525
183,Flareon,,Fire,,65,130,60,95,110,525
184,Porygon,,Normal,,65,60,70,85,75,395
185,Omanyte,,Rock,Water,35,40,100,90,55,355
186,Omastar,,Rock,Water,70,60,125,115,70,495
187,Kabuto,,Rock,Water,30,80,90,55,45,355
188,Kabutops,,Rock,Water,60,115,105,65,70,495
189,Aerodactyl,,Rock,Flying,80,105,65,60,75,515
190,Aerodactyl,Mega Aerodactyl,Rock,Flying,80,135,85,70,95,615
191,Snorlax,,Normal,,160,110,65,65,110,540
192,Articuno,,Ice,Flying,90,85,100,95,125,580
193,Articuno,Galarian Articuno,Psychic,Flying,90,85,85,125,100,580
194,Zapdos,,Electric,Flying,90,90,85,125,90,580
195,Zapdos,Galarian Zapdos,Fighting,Flying,90,125,90,85,90,580
196,Moltres,,Fire,Flying,90,100,90,125,85,580
197,Moltres,Galarian Moltres,Dark,Flying,90,85,90,100,125,580
198,Dratini,,Dragon,,41,64,45,50,50,300
199,Dragonair,,Dragon,,61,84,65,70,70,420
200,Dragonite,,Dragon,Flying,91,134,95,100,100,600
201,Mewtwo,,Psychic,,106,110,90,154,90,680
202,Mewtwo,Mega Mewtwo X,Psychic,Fighting,106,190,100,154,100,780
203,Mewtwo,Mega Mewtwo Y,Psychic,,106,150,70,194,120,780
204,Mew,,Psychic,,100,100,100,100,100,600
205,Chikorita,,Grass,,45,49,65,49,65,318
206,Bayleef,,Grass,,60,62,80,63,80,405
207,Meganium,,Grass,,80,82,100,83,100,525
208,Cyndaquil,,Fire,,39,52,43,60,50,309
209,Quilava,,Fire,,58,64,58,80,65,405
210,Typhlosion,,Fire,,78,84,78,109,85,534
211,Typhlosion,Hisuian Typhlosion,Fire,Ghost,73,84,78,119,85,534
212,Totodile,,Water,,50,65,64,44,48,314
213,Croconaw,,Water,,65,80,80,59,63,405
214,Feraligatr,,Water,,85,105,100,79,83,530
215,Sentret,,Normal,,35,46,34,35,45,215
216,Furret,,Normal,,85,76,64,45,55,415
217,Hoothoot,,Normal,Flying,60,30,30,36,56,262
218,Noctowl,,Normal,Flying,100,50,50,86,96,452
219,Ledyba,,Bug,Flying,40,20,30,40,80,265
220,Ledian,,Bug,Flying,55,35,50,55,110,390
221,Spinarak,,Bug,Poison,40,60,40,40,40,250
222,Ariados,,Bug,Poison,70,90,70,60,70,400
223,Crobat,,Poison,Flying,85,90,80,70,80,535
224,Chinchou,,Water,Electric,75,38,38,56,56,330
225,Lanturn,,Water,Electric,125,58,58,76,76,460
226,Pichu,,Electric,,20,40,15,35,35,205
227,Cleffa,,Fairy,,50,25,28,45,55,218
228,Igglybuff,,Normal,Fairy,90,30,15,40,20,210
229,Togepi,,Fairy,,35,20,65,40,65,245
230,Togetic,,Fairy,Flying,55,40,85,80,105,405
231,Natu,,Psychic,Flying,40,50,45,70,45,320
232,Xatu,,Psychic,Flying,65,75,70,95,70,470
233,Mareep,,Electric,,55,40,40,65,45,280
234,Flaaffy,,Electric,,70,55,55,80,60,365
235,Ampharos,,Electric,,90,75,85,115,90,510
236,Ampharos,Mega Ampharos,Electric,Dragon,90,95,105,165,110,610
237,Bellossom,,Grass,,75,80,95,90,100,490
238,Marill,,Water,Fairy,70,20,50,20,50,250
239,Azumarill,,Water,Fairy,100,50,80,60,80,420
240,Sudowoodo,,Rock,,70,100,115,30,65,410
241,Politoed,,Water,,90,75,75,90,100,500
242,Hoppip,,Grass,Flying,35,35,40,35,55,250
243,Skiploom,,Grass,Flying,55,45,50,45,65,340
244,Jumpluff,,Grass,Flying,75,55,70,55,95,460
245,Aipom,,Normal,,55,70,55,40,55,360
246,Sunkern,,Grass,,30,30,30,30,30,180
247,Sunflora,,Grass,,75,75,55,105,85,425
248,Yanma,,Bug,Flying,65,65,45,75,45,390
249,Wooper,,Water,Ground,55,45,45,25,25,210
250,Wooper,Paldean Wooper,Poison,Ground,55,45,45,25,25,210
251,Quagsire,,Water,Ground,95,85,85,65,65,430
252,Espeon,,Psychic,,65,65,60,130,95,525
253,Umbreon,,Dark,,95,65,110,60,130,525
254,Murkrow,,Dark,Flying,60,85,42,85,42,405
255,Slowking,,Water,Psychic,95,75,80,100,110,490
256,Slowking,Galarian Slowking,Poison,Psychic,95,65,80,110,110,490
257,Misdreavus,,Ghost,,60,60,60,85,85,435
258,Unown,,Psychic,,48,72,48,72,48,336
259,Wobbuffet,,Psychic,,190,33,58,33,58,405
260,Girafarig,,Normal,Psychic,70,80,65,90,65,455
261,Pineco,,Bug,,50,65,90,35,35,290
262,Forretress,,Bug,Steel,75,90,140,60,60,465
263,Dunsparce,,Normal,,100,70,70,65,65,415
264,Gligar,,Ground,Flying,65,75,105,35,65,430
265,Steelix,,Steel,Ground,75,85,200,55,65,510
266,Steelix,Mega Steelix,Steel,Ground,75,125,230,55,95,610
267,Snubbull,,Fairy,,60,80,50,40,40,300
268,Granbull,,Fairy,,90,120,75,60,60,450
269,Qwilfish,,Water,Poison,65,95,85,55,55,440
270,Qwilfish,Hisuian Qwilfish,Dark,Poison,65,95,85,55,55,440
271,Scizor,,Bug,Steel,70,130,100,55,80,500
272,Scizor,Mega Scizor,Bug,Steel,70,150,140,65,100,600
273,Shuckle,,Bug,Rock,20,10,230,10,230,505
274,Heracross,,Bug,Fighting,80,125,75,40,95,500
275,Heracross,Mega Heracross,Bug,Fighting,80,185,115,40,105,600
276,Sneasel,,Dark,Ice,55,95,55,35,75,430
277,Sneasel,Hisuian Sneasel,Fighting,Poison,55,95,55,35,75,430
278,Teddiursa,,Normal,,60,80,50,50,50,330
279,Ursaring,,Normal,,90,130,75,75,75,500
280,Slugma,,Fire,,40,40,40,70,40,250
281,Magcargo,,Fire,Rock,60,50,120,90,80,430
282,Swinub,,Ice,Ground,50,50,40,30,30,250
283,Piloswine,,Ice,Ground,100,100,80,60,60,450
284,Corsola,,Water,Rock,65,55,95,65,95,410
285,Corsola,Galarian Corsola,Ghost,,60,55,100,65,100,410
286,Remoraid,,Water,,35,65,35,65,35,300
287,Octillery,,Water,,75,105,75,105,75,480
288,Delibird,,Ice,Flying,45,55,45,65,45,330
289,Mantine,,Water,Flying,85,40,70,80,140,485
290,Skarmory,,Steel,Flying,65,80,140,40,70,465
291,Houndour,,Dark,Fire,45,60,30,80,50,330
292,Houndoom,,Dark,Fire,75,90,50,110,80,500
293,Houndoom,Mega Houndoom,Dark,Fire,75,90,90,140,90,600
294,Kingdra,,Water,Dragon,75,95,95,95,95,540
295,Phanpy,,Ground,,90,60,60,40,40,330
296,Donphan,,Ground,,90,120,120,60,60,500
297,Porygon2,,Normal,,85,80,90,105,95,515
298,Stantler,,Normal,,73,95,62,85,65,465
299,Smeargle,,Normal,,55,20,35,20,45,250
300,Tyrogue,,Fighting,,35,35,35,35,35,210
301,Hitmontop,,Fighting,,50,95,95,35,110,455
302,Smoochum,,Ice,Psychic,45,30,15,85,65,305
303,Elekid,,Electric,,45,63,37,65,55,360
304,Magby,,Fire,,45,75,37,70,55,365
305,Miltank,,Normal,,95,80,105,40,70,490
306,Blissey,,Normal,,255,10,10,75,135,540
307,Raikou,,Electric,,90,85,75,115,100,580
308,Entei,,Fire,,115,115,85,90,75,580
309,Suicune,,Water,,100,75,115,90,115,580
310,Larvitar,,Rock,Ground,50,64,50,45,50,300
311,Pupitar,,Rock,Ground,70,84,70,65,70,410
312,Tyranitar,,Rock,Dark,100,134,110,95,100,600
313,Tyranitar,Mega Tyranitar,Rock,Dark,100,164,150,95,120,700
314,Lugia,,Psychic,Flying,106,90,130,90,154,680
315,Ho-oh,,Fire,Flying,106,130,90,110,154,680
316,Celebi,,Psychic,Grass,100,100,100,100,100,600
317,Treecko,,Grass,,40,45,35,65,55,310
318,Grovyle,,Grass,,50,65,45,85,65,405
319,Sceptile,,Grass,,70,85,65,105,85,530
320,Sceptile,Mega Sceptile,Grass,Dragon,70,110,75,145,85,630
321,Torchic,,Fire,,45,60,40,70,50,310
322,Combusken,,Fire,Fighting,60,85,60,85,60,405
323,Blaziken,,Fire,Fighting,80,120,70,110,70,530
324,Blaziken,Mega Blaziken,Fire,Fighting,80,160,80,130,80,630
325,Mudkip,,Water,,50,70,50,50,50,310
326,Marshtomp,,Water,Ground,70,85,70,60,70,405
327,Swampert,,Water,Ground,100,110,90,85,90,535
328,Swampert,Mega Swampert,Water,Ground,100,150,110,95,110,635
329,Poochyena,,Dark,,35,55,35,30,30,220
330,Mightyena,,Dark,,70,90,70,60,60,420
331,Zigzagoon,,Normal,,38,30,41,30,41,240
332,Zigzagoon,Galarian Zigzagoon,Dark,Normal,38,30,41,30,41,240
333,Linoone,,Normal,,78,70,61,50,61,420
334,Linoone,Galarian Linoone,Dark,Normal,78,70,61,50,61,420
335,Wurmple,,Bug,,45,45,35,20,30,195
336,Silcoon,,Bug,,50,35,55,25,25,205
337,Beautifly,,Bug,Flying,60,70,50,100,50,395
338,Cascoon,,Bug,,50,35,55,25,25,205
339,Dustox,,Bug,Poison,60,50,70,50,90,385
340,Lotad,,Water,Grass,40,30,30,40,50,220
341,Lombre,,Water,Grass,60,50,50,60,70,340
342,Ludicolo,,Water,Grass,80,70,70,90,100,480
343,Seedot,,Grass,,40,40,50,30,30,220
344,Nuzleaf,,Grass,Dark,70,70,40,60,40,340
345,Shiftry,,Grass,Dark,90,100,60,90,60,480
346,Taillow,,Normal,Flying,40,55,30,30,30,270
347,Swellow,,Normal,Flying,60,85,60,75,50,455
348,Wingull,,Water,Flying,40,30,30,55,30,270
349,Pelipper,,Water,Flying,60,50,100,95,70,440
350,Ralts,,Psychic,Fairy,28,25,25,45,35,198
351,Kirlia,,Psychic,Fairy,38,35,35,65,55,278
352,Gardevoir,,Psychic,Fairy,68,65,65,125,115,518
353,Gardevoir,Mega Gardevoir,Psychic,Fairy,68,85,65,165,135,618
354,Surskit,,Bug,Water,40,30,32,50,52,269
355,Masquerain,,Bug,Flying,70,60,62,100,82,454
356,Shroomish,,Grass,,60,40,60,40,60,295
357,Breloom,,Grass,Fighting,60,130,80,60,60,460
358,Slakoth,,Normal,,60,60,60,35,35,280
359,Vigoroth,,Normal,,80,80,80,55,55,440
360,Slaking,,Normal,,150,160,100,95,65,670
361,Nincada,,Bug,Ground,31,45,90,30,30,266
362,Ninjask,,Bug,Flying,61,90,45,50,50,456
363,Shedinja,,Bug,Ghost,1,90,45,30,30,236
364,Whismur,,Normal,,64,51,23,51,23,240
365,Loudred,,Normal,,84,71,43,71,43,360
366,Exploud,,Normal,,104,91,63,91,73,490
367,Makuhita,,Fighting,,72,60,30,20,30,237
368,Hariyama,,Fighting,,144,120,60,40,60,474
369,Azurill,,Normal,Fairy,50,20,40,20,40,190
370,Nosepass,,Rock,,30,45,135,45,90,375
371,Skitty,,Normal,,50,45,45,35,35,260
372,Delcatty,,Normal,,70,65,65,55,55,400
373,Sableye,,Dark,Ghost,50,75,75,65,65,380
374,Sableye,Mega Sableye,Dark,Ghost,50,85,125,85,115,480
375,Mawile,,Steel,Fairy,50,85,85,55,55,380
376,Mawile,Mega Mawile,Steel,Fairy,50,105,125,55,95,480
377,Aron,,Steel,Rock,50,70,100,40,40,330
378,Lairon,,Steel,Rock,60,90,140,50,50,430
379,Aggron,,Steel,Rock,70,110,180,60,60,530
380,Aggron,Mega Aggron,Steel,,70,140,230,60,80,630
381,Meditite,,Fighting,Psychic,30,40,55,40,55,280
382,Medicham,,Fighting,Psychic,60,60,75,60,75,410
383,Medicham,Mega Medicham,Fighting,Psychic,60,100,85,80,85,510
384,Electrike,,Electric,,40,45,40,65,40,295
385,Manectric,,Electric,,70,75,60,105,60,475
386,Manectric,Mega Manectric,Electric,,70,75,80,135,80,575
387,Plusle,,Electric,,60,50,40,85,75,405
388,Minun,,Electric,,60,40,50,75,85,405
389,Volbeat,,Bug,,65,73,75,47,85,430
390,Illumise,,Bug,,65,47,75,73,85,430
391,Roselia,,Grass,Poison,50,60,45,100,80,400
392,Gulpin,,Poison,,70,43,53,43,53,302
393,Swalot,,Poison,,100,73,83,73,83,467
394,Carvanha,,Water,Dark,45,90,20,65,20,305
395,Sharpedo,,Water,Dark,70,120,40,95,40,460
396,Sharpedo,Mega Sharpedo,Water,Dark,70,140,70,110,65,560
397,Wailmer,,Water,,130,70,35,70,35,400
398,Wailord,,Water,,170,90,45,90,45,500
399,Numel,,Fire,Ground,60,60,40,65,45,305
400,Camerupt,,Fire,Ground,70,100,70,105,75,460
401,Camerupt,Mega Camerupt,Fire,Ground,70,120,100,145,105,560
402,Torkoal,,Fire,,70,85,140,85,70,470
403,Spoink,,Psychic,,60,25,35,70,80,330
404,Grumpig,,Psychic,,80,45,65,90,110,470
405,Spinda,,Normal,,60,60,60,60,60,360
406,Trapinch,,Ground,,45,100,45,45,45,290
407,Vibrava,,Ground,Dragon,50,70,50,50,50,340
408,Flygon,,Ground,Dragon,80,100,80,80,80,520
409,Cacnea,,Grass,,50,85,40,85,40,335
410,Cacturne,,Grass,Dark,70,115,60,115,60,475
411,Swablu,,Normal,Flying,45,40,60,40,75,310
412,Altaria,,Dragon,Flying,75,70,90,70,105,490
413,Altaria,Mega Altaria,Dragon,Fairy,75,110,110,110,105,590
414,Zangoose,,Normal,,73,115,60,60,60,458
415,Seviper,,Poison,,73,100,60,100,60,458
416,Lunatone,,Rock,Psychic,90,55,65,95,85,460
417,Solrock,,Rock,Psychic,90,95,85,55,65,460
418,Barboach,,Water,Ground,50,48,43,46,41,288
419,Whiscash,,Water,Ground,110,78,73,76,71,468
420,Corphish,,Water,,43,80,65,50,35,308
421,Crawdaunt,,Water,Dark,63,120,85,90,55,468
422,Baltoy,,Ground,Psychic,40,40,55,40,70,300
423,Claydol,,Ground,Psychic,60,70,105,70,120,500
424,Lileep,,Rock,Grass,66,41,77,61,87,355
425,Cradily,,Rock,Grass,86,81,97,81,107,495
426,Anorith,,Rock,Bug,45,95,50,40,50,355
427,Armaldo,,Rock,Bug,75,125,100,70,80,495
428,Feebas,,Water,,20,15,20,10,55,200
429,Milotic,,Water,,95,60,79,100,125,540
430,Castform,,Normal,,70,70,70,70,70,420
431,Castform,Sunny Form,Fire,,70,70,70,70,70,420
432,Castform,Rainy Form,Water,,70,70,70,70,70,420
433,Castform,Snowy Form,Ice,,70,70,70,70,70,420
434,Kecleon,,Normal,,60,90,70,60,120,440
435,Shuppet,,Ghost,,44,75,35,63,33,295
436,Banette,,Ghost,,64,115,65,83,63,455
437,Banette,Mega Banette,Ghost,,64,165,75,93,83,555
438,Duskull,,Ghost,,20,40,90,30,90,295
439,Dusclops,,Ghost,,40,70,130,60,130,455
440,Tropius,,Grass,Flying,99,68,83,72,87,460
441,Chimecho,,Psychic,,75,50,80,95,90,455
442,Absol,,Dark,,65,130,60,75,60,465
443,Absol,Mega Absol,Dark,,65,150,60,115,60,565
444,Wynaut,,Psychic,,95,23,48,23,48,260
445,Snorunt,,Ice,,50,50,50,50,50,300
446,Glalie,,Ice,,80,80,80,80,80,480
447,Glalie,Mega Glalie,Ice,,80,120,80,120,80,580
448,Spheal,,Ice,Water,70,40,50,55,50,290
449,Sealeo,,Ice,Water,90,60,70,75,70,410
450,Walrein,,Ice,Water,110,80,90,95,90,530
451,Clamperl,,Water,,35,64,85,74,55,345
452,Huntail,,Water,,55,104,105,94,75,485
453,Gorebyss,,Water,,55,84,105,114,75,485
454,Relicanth,,Water,Rock,100,90,130,45,65,485
455,Luvdisc,,Water,,43,30,55,40,65,330
456,Bagon,,Dragon,,45,75,60,40,30,300
457,Shelgon,,Dragon,,65,95,100,60,50,420
458,Salamence,,Dragon,Flying,95,135,80,110,80,600
459,Salamence,Mega Salamence,Dragon,Flying,95,145,130,120,90,700
460,Beldum,,Steel,Psychic,40,55,80,35,60,300
461,Metang,,Steel,Psychic,60,75,100,55,80,420
462,Metagross,,Steel,Psychic,80,135,130,95,90,600
463,Metagross,Mega Metagross,Steel,Psychic,80,145,150,105,110,700
464,Regirock,,Rock,,80,100,200,50,100,580
465,Regice,,Ice,,80,50,100,100,200,580
466,Registeel,,Steel,,80,75,150,75,150,580
467,Latias,,Dragon,Psychic,80,80,90,110,130,600
468,Latias,Mega Latias,Dragon,Psychic,80,100,120,140,150,700
469,Latios,,Dragon,Psychic,80,90,80,130,110,600
470,Latios,Mega Latios,Dragon,Psychic,80,130,100,160,120,700
471,Kyogre,,Water,,100,100,90,150,140,670
472,Kyogre,Primal Kyogre,Water,,100,150,90,180,160,770
473,Groudon,,Ground,,100,150,140,100,90,670
474,Groudon,Primal Groudon,Ground,Fire,100,180,160,150,90,770
475,Rayquaza,,Dragon,Flying,105,150,90,150,90,680
476,Rayquaza,Mega Rayquaza,Dragon,Flying,105,180,100,180,100,780
477,Jirachi,,Steel,Psychic,100,100,100,100,100,600
478,Deoxys,Normal Forme,Psychic,,50,150,50,150,50,600
479,Deoxys,Attack Forme,Psychic,,50,180,20,180,20,600
480,Deoxys,Defense Forme,Psychic,,50,70,160,70,160,600
481,Deoxys,Speed Forme,Psychic,,50,95,90,95,90,600
482,Turtwig,,Grass,,55,68,64,45,55,318
483,Grotle,,Grass,,75,89,85,55,65,405
484,Torterra,,Grass,Ground,95,109,105,75,85,525
485,Chimchar,,Fire,,44,58,44,58,44,309
486,Monferno,,Fire,Fighting,64,78,52,78,52,405
487,Infernape,,Fire,Fighting,76,104,71,104,71,534
488,Piplup,,Water,,53,51,53,61,56,314
489,Prinplup,,Water,,64,66,68,81,76,405
490,Empoleon,,Water,Steel,84,86,88,111,101,530
491,Starly,,Normal,Flying,40,55,30,30,30,245
492,Staravia,,Normal,Flying,55,75,50,40,40,340
493,Staraptor,,Normal,Flying,85,120,70,50,60,485
494,Bidoof,,Normal,,59,45,40,35,40,250
495,Bibarel,,Normal,Water,79,85,60,55,60,410
496,Kricketot,,Bug,,37,25,41,25,41,194
497,Kricketune,,Bug,,77,85,51,55,51,384
498,Shinx,,Electric,,45,65,34,40,34,263
499,Luxio,,Electric,,60,85,49,60,49,363
500,Luxray,,Electric,,80,120,79,95,79,523
501,Budew,,Grass,Poison,40,30,35,50,70,280
502,Roserade,,Grass,Poison,60,70,65,125,105,515
503,Cranidos,,Rock,,67,125,40,30,30,350
504,Rampardos,,Rock,,97,165,60,65,50,495
505,Shieldon,,Rock,Steel,30,42,118,42,88,350
506,Bastiodon,,Rock,Steel,60,52,168,47,138,495
507,Burmy,Plant Cloak,Bug,,40,29,45,29,45,224
508,Burmy,Sandy Cloak,Bug,,40,29,45,29,45,224
509,Burmy,Trash Cloak,Bug,,40,29,45,29,45,224
510,Wormadam,Plant Cloak,Bug,Grass,60,59,85,79,105,424
511,Wormadam,Sandy Cloak,Bug,Ground,60,79,105,59,85,424
512,Wormadam,Trash Cloak,Bug,Steel,60,69,95,69,95,424
513,Mothim,,Bug,Flying,70,94,50,94,50,424
514,Combee,,Bug,Flying,30,30,42,30,42,244
515,Vespiquen,,Bug,Flying,70,80,102,80,102,474
516,Pachirisu,,Electric,,60,45,70,45,90,405
517,Buizel,,Water,,55,65,35,60,30,330
518,Floatzel,,Water,,85,105,55,85,50,495
519,Cherubi,,Grass,,45,35,45,62,53,275
520,Cherrim,,Grass,,70,60,70,87,78,450
521,Shellos,,Water,,76,48,48,57,62,325
522,Gastrodon,,Water,Ground,111,83,68,92,82,475
523,Ambipom,,Normal,,75,100,66,60,66,482
524,Drifloon,,Ghost,Flying,90,50,34,60,44,348
525,Drifblim,,Ghost,Flying,150,80,44,90,54,498
526,Buneary,,Normal,,55,66,44,44,56,350
527,Lopunny,,Normal,,65,76,84,54,96,480
528,Lopunny,Mega Lopunny,Normal,Fighting,65,136,94,54,96,580
529,Mismagius,,Ghost,,60,60,60,105,105,495
530,Honchkrow,,Dark,Flying,100,125,52,105,52,505
531,Glameow,,Normal,,49,55,42,42,37,310
532,Purugly,,Normal,,71,82,64,64,59,452
533,Chingling,,Psychic,,45,30,50,65,50,285
534,Stunky,,Poison,Dark,63,63,47,41,41,329
535,Skuntank,,Poison,Dark,103,93,67,71,61,479
536,Bronzor,,Steel,Psychic,57,24,86,24,86,300
537,Bronzong,,Steel,Psychic,67,89,116,79,116,500
538,Bonsly,,Rock,,50,80,95,10,45,290
539,Mime Jr.,,Psychic,Fairy,20,25,45,70,90,310
540,Happiny,,Normal,,100,5,5,15,65,220
541,Chatot,,Normal,Flying,76,65,45,92,42,411
542,Spiritomb,,Ghost,Dark,50,92,108,92,108,485
543,Gible,,Dragon,Ground,58,70,45,40,45,300
544,Gabite,,Dragon,Ground,68,90,65,50,55,410
545,Garchomp,,Dragon,Ground,108,130,95,80,85,600
546,Garchomp,Mega Garchomp,Dragon,Ground,108,170,115,120,95,700
547,Munchlax,,Normal,,135,85,40,40,85,390
548,Riolu,,Fighting,,40,70,40,35,40,285
549,Lucario,,Fighting,Steel,70,110,70,115,70,525
550,Lucario,Mega Lucario,Fighting,Steel,70,145,88,140,70,625
551,Hippopotas,,Ground,,68,72,78,38,42,330
552,Hippowdon,,Ground,,108,112,118,68,72,525
553,Skorupi,,Poison,Bug,40,50,90,30,55,330
554,Drapion,,Poison,Dark,70,90,110,60,75,500
555,Croagunk,,Poison,Fighting,48,61,40,61,40,300
556,Toxicroak,,Poison,Fighting,83,106,65,86,65,490
557,Carnivine,,Grass,,74,100,72,90,72,454
558,Finneon,,Water,,49,49,56,49,61,330
559,Lumineon,,Water,,69,69,76,69,86,460
560,Mantyke,,Water,Flying,45,20,50,60,120,345
561,Snover,,Grass,Ice,60,62,50,62,60,334
562,Abomasnow,,Grass,Ice,90,92,75,92,85,494
563,Abomasnow,Mega Abomasnow,Grass,Ice,90,132,105,132,105,594
564,Weavile,,Dark,Ice,70,120,65,45,85,510
565,Magnezone,,Electric,Steel,70,70,115,130,90,535
566,Lickilicky,,Normal,,110,85,95,80,95,515
567,Rhyperior,,Ground,Rock,115,140,130,55,55,535
568,Tangrowth,,Grass,,100,100,125,110,50,535
569,Electivire,,Electric,,75,123,67,95,85,540
570,Magmortar,,Fire,,75,95,67,125,95,540
571,Togekiss,,Fairy,Flying,85,50,95,120,115,545
572,Yanmega,,Bug,Flying,86,76,86,116,56,515
573,Leafeon,,Grass,,65,110,130,60,65,525
574,Glaceon,,Ice,,65,60,110,130,95,525
575,Gliscor,,Ground,Flying,75,95,125,45,75,510
576,Mamoswine,,Ice,Ground,110,130,80,70,60,530
577,Porygon-Z,,Normal,,85,80,70,135,75,535
578,Gallade,,Psychic,Fighting,68,125,65,65,115,518
579,Gallade,Mega Gallade,Psychic,Fighting,68,165,95,65,115,618
580,Probopass,,Rock,Steel,60,55,145,75,150,525
581,Dusknoir,,Ghost,,45,100,135,65,135,525
582,Froslass,,Ice,Ghost,70,80,70,80,70,480
583,Rotom,,Electric,Ghost,50,50,77,95,77,440
584,Rotom,Heat Rotom,Electric,Fire,50,65,107,105,107,520
585,Rotom,Wash Rotom,Electric,Water,50,65,107,105,107,520
586,Rotom,Frost Rotom,Electric,Ice,50,65,107,105,107,520
587,Rotom,Fan Rotom,Electric,Flying,50,65,107,105,107,520
588,Rotom,Mow Rotom,Electric,Grass,50,65,107,105,107,520
589,Uxie,,Psychic,,75,75,130,75,130,580
590,Mesprit,,Psychic,,80,105,105,105,105,580
591,Azelf,,Psychic,,75,125,70,125,70,580
592,Dialga,,Steel,Dragon,100,120,120,150,100,680
593,Dialga,Origin Forme,Steel,Dragon,100,100,120,150,120,680
594,Palkia,,Water,Dragon,90,120,100,150,120,680
595,Palkia,Origin Forme,Water,Dragon,90,100,100,150,120,680
596,Heatran,,Fire,Steel,91,90,106,130,106,600
597,Regigigas,,Normal,,110,160,110,80,110,670
598,Giratina,Altered Forme,Ghost,Dragon,150,100,120,100,120,680
599,Giratina,Origin Forme,Ghost,Dragon,150,120,100,120,100,680
600,Cresselia,,Psychic,,120,70,110,75,120,580
601,Phione,,Water,,80,80,80,80,80,480
602,Manaphy,,Water,,100,100,100,100,100,600
603,Darkrai,,Dark,,70,90,90,135,90,600
604,Shaymin,Land Forme,Grass,,100,100,100,100,100,600
605,Shaymin,Sky Forme,Grass,Flying,100,103,75,120,75,600
606,Arceus,,Normal,,120,120,120,120,120,720
607,Victini,,Psychic,Fire,100,100,100,100,100,600
608,Snivy,,Grass,,45,45,55,45,55,308
609,Servine,,Grass,,60,60,75,60,75,413
610,Serperior,,Grass,,75,75,95,75,95,528
611,Tepig,,Fire,,65,63,45,45,45,308
612,Pignite,,Fire,Fighting,90,93,55,70,55,418
613,Emboar,,Fire,Fighting,110,123,65,100,65,528
614,Oshawott,,Water,,55,55,45,63,45,308
615,Dewott,,Water,,75,75,60,83,60,413
616,Samurott,,Water,,95,100,85,108,70,528
617,Samurott,Hisuian Samurott,Water,Dark,90,108,80,100,65,528
618,Patrat,,Normal,,45,55,39,35,39,255
619,Watchog,,Normal,,60,85,69,60,69,420
620,Lillipup,,Normal,,45,60,45,25,45,275
621,Herdier,,Normal,,65,80,65,35,65,370
622,Stoutland,,Normal,,85,110,90,45,90,500
623,Purrloin,,Dark,,41,50,37,50,37,281
624,Liepard,,Dark,,64,88,50,88,50,446
625,Pansage,,Grass,,50,53,48,53,48,316
626,Simisage,,Grass,,75,98,63,98,63,498
627,Pansear,,Fire,,50,53,48,53,48,316
628,Simisear,,Fire,,75,98,63,98,63,498
629,Panpour,,Water,,50,53,48,53,48,316
630,Simipour,,Water,,75,98,63,98,63,498
631,Munna,,Psychic,,76,25,45,67,55,292
632,Musharna,,Psychic,,116,55,85,107,95,487
633,Pidove,,Normal,Flying,50,55,50,36,30,264
634,Tranquill,,Normal,Flying,62,77,62,50,42,358
635,Unfezant,,Normal,Flying,80,115,80,65,55,488
636,Blitzle,,Electric,,45,60,32,50,32,295
637,Zebstrika,,Electric,,75,100,63,80,63,497
638,Roggenrola,,Rock,,55,75,85,25,25,280
639,Boldore,,Rock,,70,105,105,50,40,390
640,Gigalith,,Rock,,85,135,130,60,80,515
641,Woobat,,Psychic,Flying,65,45,43,55,43,323
642,Swoobat,,Psychic,Flying,67,57,55,77,55,425
643,Drilbur,,Ground,,60,85,40,30,45,328
644,Excadrill,,Ground,Steel,110,135,60,50,65,508
645,Audino,,Normal,,103,60,86,60,86,445
646,Audino,Mega Audino,Normal,Fairy,103,60,126,80,126,545
647,Timburr,,Fighting,,75,80,55,25,35,305
648,Gurdurr,,Fighting,,85,105,85,40,50,405
649,Conkeldurr,,Fighting,,105,140,95,55,65,505
650,Tympole,,Water,,50,50,40,50,40,294
651,Palpitoad,,Water,Ground,75,65,55,65,55,384
652,Seismitoad,,Water,Ground,105,95,75,85,75,509
653,Throh,,Fighting,,120,100,85,30,85,465
654,Sawk,,Fighting,,75,125,75,30,75,465
655,Sewaddle,,Bug,Grass,45,53,70,40,60,310
656,Swadloon,,Bug,Grass,55,63,90,50,80,380
657,Leavanny,,Bug,Grass,75,103,80,70,80,500
658,Venipede,,Bug,Poison,30,45,59,30,39,260
659,Whirlipede,,Bug,Poison,40,55,99,40,79,360
660,Scolipede,,Bug,Poison,60,100,89,55,69,485
661,Cottonee,,Grass,Fairy,40,27,60,37,50,280
662,Whimsicott,,Grass,Fairy,60,67,85,77,75,480
663,Petilil,,Grass,,45,35,50,70,50,280
664,Lilligant,,Grass,,70,60,75,110,75,480
665,Lilligant,Hisuian Lilligant,Grass,Fighting,70,105,75,50,75,480
666,Basculin,Red-Striped Form,Water,,70,92,65,80,55,460
667,Basculin,Blue-Striped Form,Water,,70,92,65,80,55,460
668,Basculin,White-Striped Form,Water,,70,92,65,80,55,460
669,Sandile,,Ground,Dark,50,72,35,35,35,292
670,Krokorok,,Ground,Dark,60,82,45,45,45,351
671,Krookodile,,Ground,Dark,95,117,80,65,70,519
672,Darumaka,,Fire,,70,90,45,15,45,315
673,Darumaka,Galarian Darumaka,Ice,,70,90,45,15,45,315
674,Darmanitan,Standard Mode,Fire,,105,140,55,30,55,480
675,Darmanitan,Zen Mode,Fire,Psychic,105,30,105,140,105,540
676,Darmanitan,Galarian Standard Mode,Ice,,105,140,55,30,55,480
677,Darmanitan,Galarian Zen Mode,Ice,Fire,105,160,55,30,55,540
678,Maractus,,Grass,,75,86,67,106,67,461
679,Dwebble,,Bug,Rock,50,65,85,35,35,325
680,Crustle,,Bug,Rock,70,105,125,65,75,485
681,Scraggy,,Dark,Fighting,50,75,70,35,70,348
682,Scrafty,,Dark,Fighting,65,90,115,45,115,488
683,Sigilyph,,Psychic,Flying,72,58,80,103,80,490
684,Yamask,,Ghost,,38,30,85,55,65,303
685,Yamask,Galarian Yamask,Ground,Ghost,38,55,85,30,65,303
686,Cofagrigus,,Ghost,,58,50,145,95,105,483
687,Tirtouga,,Water,Rock,54,78,103,53,45,355
688,Carracosta,,Water,Rock,74,108,133,83,65,495
689,Archen,,Rock,Flying,55,112,45,74,45,401
690,Archeops,,Rock,Flying,75,140,65,112,65,567
691,Trubbish,,Poison,,50,50,62,40,62,329
692,Garbodor,,Poison,,80,95,82,60,82,474
693,Zorua,,Dark,,40,65,40,80,40,330
694,Zorua,Hisuian Zorua,Normal,Ghost,35,60,40,85,40,330
695,Zoroark,,Dark,,60,105,60,120,60,510
696,Zoroark,Hisuian Zoroark,Normal,Ghost,60,105,60,120,60,510
697,Minccino,,Normal,,55,50,40,40,40,300
698,Cinccino,,Normal,,75,95,60,65,60,470
699,Gothita,,Psychic,,45,30,50,55,65,290
700,Gothorita,,Psychic,,60,45,70,75,85,390
701,Gothitelle,,Psychic,,70,55,95,95,110,490
702,Solosis,,Psychic,,45,30,40,105,50,290
703,Duosion,,Psychic,,65,40,50,125,60,370
704,Reuniclus,,Psychic,,110,65,75,125,85,490
705,Ducklett,,Water,Flying,62,44,50,44,50,305
706,Swanna,,Water,Flying,75,87,63,87,63,473
707,Vanillite,,Ice,,36,50,50,65,60,305
708,Vanillish,,Ice,,51,65,65,80,75,395
709,Vanilluxe,,Ice,,71,95,85,110,95,535
710,Deerling,,Normal,Grass,60,60,50,40,50,335
711,Sawsbuck,,Normal,Grass,80,100,70,60,70,475
712,Emolga,,Electric,Flying,55,75,60,75,60,428
713,Karrablast,,Bug,,50,75,45,40,45,315
714,Escavalier,,Bug,Steel,70,135,105,60,105,495
715,Foongus,,Grass,Poison,69,55,45,55,55,294
716,Amoonguss,,Grass,Poison,114,85,70,85,80,464
717,Frillish,,Water,Ghost,55,40,50,65,85,335
718,Jellicent,,Water,Ghost,100,60,70,85,105,480
719,Alomomola,,Water,,165,75,80,40,45,470
720,Joltik,,Bug,Electric,50,47,50,57,50,319
721,Galvantula,,Bug,Electric,70,77,60,97,60,472
722,Ferroseed,,Grass,Steel,44,50,91,24,86,305
723,Ferrothorn,,Grass,Steel,74,94,131,54,116,489
724,Klink,,Steel,,40,55,70,45,60,300
725,Klang,,Steel,,60,80,95,70,85,440
726,Klinklang,,Steel,,60,100,115,70,85,520
727,Tynamo,,Electric,,35,55,40,45,40,275
728,Eelektrik,,Electric,,65,85,70,75,70,405
729,Eelektross,,Electric,,85,115,80,105,80,515
730,Elgyem,,Psychic,,55,55,55,85,55,335
731,Beheeyem,,Psychic,,75,75,75,125,95,485
732,Litwick,,Ghost,Fire,50,30,55,65,55,275
733,Lampent,,Ghost,Fire,60,40,60,95,60,370
734,Chandelure,,Ghost,Fire,60,55,90,145,90,520
735,Axew,,Dragon,,46,87,60,30,40,320
736,Fraxure,,Dragon,,66,117,70,40,50,410
737,Haxorus,,Dragon,,76,147,90,60,70,540
738,Cubchoo,,Ice,,55,70,40,60,40,305
739,Beartic,,Ice,,95,130,80,70,80,505
740,Cryogonal,,Ice,,80,50,50,95,135,515
741,Shelmet,,Bug,,50,40,85,40,65,305
742,Accelgor,,Bug,,80,70,40,100,60,495
743,Stunfisk,,Ground,Electric,109,66,84,81,99,471
744,Stunfisk,Galarian Stunfisk,Ground,Steel,109,81,99,66,84,471
745,Mienfoo,,Fighting,,45,85,50,55,50,350
746,Mienshao,,Fighting,,65,125,60,95,60,510
747,Druddigon,,Dragon,,77,120,90,60,90,485
748,Golett,,Ground,Ghost,59,74,50,35,50,303
749,Golurk,,Ground,Ghost,89,124,80,55,80,483
750,Pawniard,,Dark,Steel,45,85,70,40,40,340
751,Bisharp,,Dark,Steel,65,125,100,60,70,490
752,Bouffalant,,Normal,,95,110,95,40,95,490
753,Rufflet,,Normal,Flying,70,83,50,37,50,350
754,Braviary,,Normal,Flying,100,123,75,57,75,510
755,Braviary,Hisuian Braviary,Psychic,Flying,110,83,70,112,70,510
756,Vullaby,,Dark,Flying,70,55,75,45,65,370
757,Mandibuzz,,Dark,Flying,110,65,105,55,95,510
758,Heatmor,,Fire,,85,97,66,105,66,484
759,Durant,,Bug,Steel,58,109,112,48,48,484
760,Deino,,Dark,Dragon,52,65,50,45,50,300
761,Zweilous,,Dark,Dragon,72,85,70,65,70,420
762,Hydreigon,,Dark,Dragon,92,105,90,125,90,600
763,Larvesta,,Bug,Fire,55,85,55,50,55,360
764,Volcarona,,Bug,Fire,85,60,65,135,105,550
765,Cobalion,,Steel,Fighting,91,90,129,90,72,580
766,Terrakion,,Rock,Fighting,91,129,90,72,90,580
767,Virizion,,Grass,Fighting,91,90,72,90,129,580
768,Tornadus,Incarnate Forme,Flying,,79,115,70,125,80,580
769,Tornadus,Therian Forme,Flying,,79,100,80,110,90,580
770,Thundurus,Incarnate Forme,Electric,Flying,79,115,70,125,80,580
771,Thundurus,Therian Forme,Electric,Flying,79,105,70,145,80,580
772,Reshiram,,Dragon,Fire,100,120,100,150,120,680
773,Zekrom,,Dragon,Electric,100,150,120,120,100,680
774,Landorus,Incarnate Forme,Ground,Flying,89,125,90,115,80,600
775,Landorus,Therian Forme,Ground,Flying,89,145,90,105,80,600
776,Kyurem,,Dragon,Ice,125,130,90,130,90,660
777,Kyurem,White Kyurem,Dragon,Ice,125,120,90,170,100,700
778,Kyurem,Black Kyurem,Dragon,Ice,125,170,100,120,90,700
779,Keldeo,Ordinary Form,Water,Fighting,91,72,90,129,90,580
780,Keldeo,Resolute Form,Water,Fighting,91,72,90,129,90,580
781,Meloetta,Aria Forme,Normal,Psychic,100,77,77,128,128,600
782,Meloetta,Pirouette Forme,Normal,Fighting,100,128,90,77,77,600
783,Genesect,,Bug,Steel,71,120,95,120,95,600
784,Chespin,,Grass,,56,61,65,48,45,313
785,Quilladin,,Grass,,61,78,95,56,58,405
786,Chesnaught,,Grass,Fighting,88,107,122,74,75,530
787,Fennekin,,Fire,,40,45,40,62,60,307
788,Braixen,,Fire,,59,59,58,90,70,409
789,Delphox,,Fire,Psychic,75,69,72,114,100,534
790,Froakie,,Water,,41,56,40,62,44,314
791,Frogadier,,Water,,54,63,52,83,56,405
792,Greninja,,Water,Dark,72,95,67,103,71,530
793,Greninja,Ash-Greninja,Water,Dark,72,145,67,153,71,640
794,Bunnelby,,Normal,,38,36,38,32,36,237
795,Diggersby,,Normal,Ground,85,56,77,50,77,423
796,Fletchling,,Normal,Flying,45,50,43,40,38,278
797,Fletchinder,,Fire,Flying,62,73,55,56,52,382
798,Talonflame,,Fire,Flying,78,81,71,74,69,499
799,Scatterbug,,Bug,,38,35,40,27,25,200
800,Spewpa,,Bug,,45,22,60,27,30,213
801,Vivillon,,Bug,Flying,80,52,50,90,50,411
802,Litleo,,Fire,Normal,62,50,58,73,54,369
803,Pyroar,,Fire,Normal,86,68,72,109,66,507
804,FlabÃ©bÃ©,,Fairy,,44,38,39,61,79,303
805,Floette,,Fairy,,54,45,47,75,98,371
806,Florges,,Fairy,,78,65,68,112,154,552
807,Skiddo,,Grass,,66,65,48,62,57,350
808,Gogoat,,Grass,,123,100,62,97,81,531
809,Pancham,,Fighting,,67,82,62,46,48,348
810,Pangoro,,Fighting,Dark,95,124,78,69,71,495
811,Furfrou,,Normal,,75,80,60,65,90,472
812,Espurr,,Psychic,,62,48,54,63,60,355
813,Meowstic,Male,Psychic,,74,48,76,83,81,466
814,Meowstic,Female,Psychic,,74,48,76,83,81,466
815,Honedge,,Steel,Ghost,45,80,100,35,37,325
816,Doublade,,Steel,Ghost,59,110,150,45,49,448
817,Aegislash,Shield Forme,Steel,Ghost,60,50,140,50,140,500
818,Aegislash,Blade Forme,Steel,Ghost,60,140,50,140,50,500
819,Spritzee,,Fairy,,78,52,60,63,65,341
820,Aromatisse,,Fairy,,101,72,72,99,89,462
821,Swirlix,,Fairy,,62,48,66,59,57,341
822,Slurpuff,,Fairy,,82,80,86,85,75,480
823,Inkay,,Dark,Psychic,53,54,53,37,46,288
824,Malamar,,Dark,Psychic,86,92,88,68,75,482
825,Binacle,,Rock,Water,42,52,67,39,56,306
826,Barbaracle,,Rock,Water,72,105,115,54,86,500
827,Skrelp,,Poison,Water,50,60,60,60,60,320
828,Dragalge,,Poison,Dragon,65,75,90,97,123,494
829,Clauncher,,Water,,50,53,62,58,63,330
830,Clawitzer,,Water,,71,73,88,120,89,500
831,Helioptile,,Electric,Normal,44,38,33,61,43,289
832,Heliolisk,,Electric,Normal,62,55,52,109,94,481
833,Tyrunt,,Rock,Dragon,58,89,77,45,45,362
834,Tyrantrum,,Rock,Dragon,82,121,119,69,59,521
835,Amaura,,Rock,Ice,77,59,50,67,63,362
836,Aurorus,,Rock,Ice,123,77,72,99,92,521
837,Sylveon,,Fairy,,95,65,65,110,130,525
838,Hawlucha,,Fighting,Flying,78,92,75,74,63,500
839,Dedenne,,Electric,Fairy,67,58,57,81,67,431
840,Carbink,,Rock,Fairy,50,50,150,50,150,500
841,Goomy,,Dragon,,45,50,35,55,75,300
842,Sliggoo,,Dragon,,68,75,53,83,113,452
843,Sliggoo,Hisuian Sliggoo,Steel,Dragon,58,75,83,83,113,452
844,Goodra,,Dragon,,90,100,70,110,150,600
845,Goodra,Hisuian Goodra,Steel,Dragon,80,100,100,110,150,600
846,Klefki,,Steel,Fairy,57,80,91,80,87,470
847,Phantump,,Ghost,Grass,43,70,48,50,60,309
848,Trevenant,,Ghost,Grass,85,110,76,65,82,474
849,Pumpkaboo,Average Size,Ghost,Grass,49,66,70,44,55,335
850,Pumpkaboo,Small Size,Ghost,Grass,44,66,70,44,55,335
851,Pumpkaboo,Large Size,Ghost,Grass,54,66,70,44,55,335
852,Pumpkaboo,Super Size,Ghost,Grass,59,66,70,44,55,335
853,Gourgeist,Average Size,Ghost,Grass,65,90,122,58,75,494
854,Gourgeist,Small Size,Ghost,Grass,55,85,122,58,75,494
855,Gourgeist,Large Size,Ghost,Grass,75,95,122,58,75,494
856,Gourgeist,Super Size,Ghost,Grass,85,100,122,58,75,494
857,Bergmite,,Ice,,55,69,85,32,35,304
858,Avalugg,,Ice,,95,117,184,44,46,514
859,Avalugg,Hisuian Avalugg,Ice,Rock,95,127,184,34,36,514
860,Noibat,,Flying,Dragon,40,30,35,45,40,245
861,Noivern,,Flying,Dragon,85,70,80,97,80,535
862,Xerneas,,Fairy,,126,131,95,131,98,680
863,Yveltal,,Dark,Flying,126,131,95,131,98,680
864,Zygarde,50% Forme,Dragon,Ground,108,100,121,81,95,600
865,Zygarde,10% Forme,Dragon,Ground,54,100,71,61,85,486
866,Zygarde,Complete Forme,Dragon,Ground,216,100,121,91,95,708
867,Diancie,,Rock,Fairy,50,100,150,100,150,600
868,Diancie,Mega Diancie,Rock,Fairy,50,160,110,160,110,700
869,Hoopa,Hoopa Confined,Psychic,Ghost,80,110,60,150,130,600
870,Hoopa,Hoopa Unbound,Psychic,Dark,80,160,60,170,130,680
871,Volcanion,,Fire,Water,80,110,120,130,90,600
872,Rowlet,,Grass,Flying,68,55,55,50,50,320
873,Dartrix,,Grass,Flying,78,75,75,70,70,420
874,Decidueye,,Grass,Ghost,78,107,75,100,100,530
875,Decidueye,Hisuian Decidueye,Grass,Fighting,88,112,80,95,95,530
876,Litten,,Fire,,45,65,40,60,40,320
877,Torracat,,Fire,,65,85,50,80,50,420
878,Incineroar,,Fire,Dark,95,115,90,80,90,530
879,Popplio,,Water,,50,54,54,66,56,320
880,Brionne,,Water,,60,69,69,91,81,420
881,Primarina,,Water,Fairy,80,74,74,126,116,530
882,Pikipek,,Normal,Flying,35,75,30,30,30,265
883,Trumbeak,,Normal,Flying,55,85,50,40,50,355
884,Toucannon,,Normal,Flying,80,120,75,75,75,485
885,Yungoos,,Normal,,48,70,30,30,30,253
886,Gumshoos,,Normal,,88,110,60,55,60,418
887,Grubbin,,Bug,,47,62,45,55,45,300
888,Charjabug,,Bug,Electric,57,82,95,55,75,400
889,Vikavolt,,Bug,Electric,77,70,90,145,75,500
890,Crabrawler,,Fighting,,47,82,57,42,47,338
891,Crabominable,,Fighting,Ice,97,132,77,62,67,478
892,Oricorio,Baile Style,Fire,Flying,75,70,70,98,70,476
893,Oricorio,Pom-Pom Style,Electric,Flying,75,70,70,98,70,476
894,Oricorio,Pa'u Style,Psychic,Flying,75,70,70,98,70,476
895,Oricorio,Sensu Style,Ghost,Flying,75,70,70,98,70,476
896,Cutiefly,,Bug,Fairy,40,45,40,55,40,304
897,Ribombee,,Bug,Fairy,60,55,60,95,70,464
898,Rockruff,,Rock,,45,65,40,30,40,280
899,Rockruff,Own Tempo Rockruff,Rock,,45,65,40,30,40,280
900,Lycanroc,Midday Form,Rock,,75,115,65,55,65,487
901,Lycanroc,Midnight Form,Rock,,85,115,75,55,75,487
902,Lycanroc,Dusk Form,Rock,,75,117,65,55,65,487
903,Wishiwashi,Solo Form,Water,,45,20,20,25,25,175
904,Wishiwashi,School Form,Water,,45,140,130,140,135,620
905,Mareanie,,Poison,Water,50,53,62,43,52,305
906,Toxapex,,Poison,Water,50,63,152,53,142,495
907,Mudbray,,Ground,,70,100,70,45,55,385
908,Mudsdale,,Ground,,100,125,100,55,85,500
909,Dewpider,,Water,Bug,38,40,52,40,72,269
910,Araquanid,,Water,Bug,68,70,92,50,132,454
911,Fomantis,,Grass,,40,55,35,50,35,250
912,Lurantis,,Grass,,70,105,90,80,90,480
913,Morelull,,Grass,Fairy,40,35,55,65,75,285
914,Shiinotic,,Grass,Fairy,60,45,80,90,100,405
915,Salandit,,Poison,Fire,48,44,40,71,40,320
916,Salazzle,,Poison,Fire,68,64,60,111,60,480
917,Stufful,,Normal,Fighting,70,75,50,45,50,340
918,Bewear,,Normal,Fighting,120,125,80,55,60,500
919,Bounsweet,,Grass,,42,30,38,30,38,210
920,Steenee,,Grass,,52,40,48,40,48,290
921,Tsareena,,Grass,,72,120,98,50,98,510
922,Comfey,,Fairy,,51,52,90,82,110,485
923,Oranguru,,Normal,Psychic,90,60,80,90,110,490
924,Passimian,,Fighting,,100,120,90,40,60,490
925,Wimpod,,Bug,Water,25,35,40,20,30,230
926,Golisopod,,Bug,Water,75,125,140,60,90,530
927,Sandygast,,Ghost,Ground,55,55,80,70,45,320
928,Palossand,,Ghost,Ground,85,75,110,100,75,480
929,Pyukumuku,,Water,,55,60,130,30,130,410
930,Type: Null,,Normal,,95,95,95,95,95,534
931,Silvally,,Normal,,95,95,95,95,95,570
932,Minior,Meteor Form,Rock,Flying,60,60,100,60,100,440
933,Minior,Core Form,Rock,Flying,60,100,60,100,60,500
934,Komala,,Normal,,65,115,65,75,95,480
935,Turtonator,,Fire,Dragon,60,78,135,91,85,485
936,Togedemaru,,Electric,Steel,65,98,63,40,73,435
937,Mimikyu,,Ghost,Fairy,55,90,80,50,105,476
938,Bruxish,,Water,Psychic,68,105,70,70,70,475
939,Drampa,,Normal,Dragon,78,60,85,135,91,485
940,Dhelmise,,Ghost,Grass,70,131,100,86,90,517
941,Jangmo-o,,Dragon,,45,55,65,45,45,300
942,Hakamo-o,,Dragon,Fighting,55,75,90,65,70,420
943,Kommo-o,,Dragon,Fighting,75,110,125,100,105,600
944,Tapu Koko,,Electric,Fairy,70,115,85,95,75,570
945,Tapu Lele,,Psychic,Fairy,70,85,75,130,115,570
946,Tapu Bulu,,Grass,Fairy,70,130,115,85,95,570
947,Tapu Fini,,Water,Fairy,70,75,115,95,130,570
948,Cosmog,,Psychic,,43,29,31,29,31,200
949,Cosmoem,,Psychic,,43,29,131,29,131,400
950,Solgaleo,,Psychic,Steel,137,137,107,113,89,680
951,Lunala,,Psychic,Ghost,137,113,89,137,107,680
952,Nihilego,,Rock,Poison,109,53,47,127,131,570
953,Buzzwole,,Bug,Fighting,107,139,139,53,53,570
954,Pheromosa,,Bug,Fighting,71,137,37,137,37,570
955,Xurkitree,,Electric,,83,89,71,173,71,570
956,Celesteela,,Steel,Flying,97,101,103,107,101,570
957,Kartana,,Grass,Steel,59,181,131,59,31,570
958,Guzzlord,,Dark,Dragon,223,101,53,97,53,570
959,Necrozma,,Psychic,,97,107,101,127,89,600
960,Necrozma,Dusk Mane Necrozma,Psychic,Steel,97,157,127,113,109,680
961,Necrozma,Dawn Wings Necrozma,Psychic,Ghost,97,113,109,157,127,680
962,Necrozma,Ultra Necrozma,Psychic,Dragon,97,167,97,167,97,754
963,Magearna,,Steel,Fairy,80,95,115,130,115,600
964,Marshadow,,Fighting,Ghost,90,125,80,90,90,600
965,Poipole,,Poison,,67,73,67,73,67,420
966,Naganadel,,Poison,Dragon,73,73,73,127,73,540
967,Stakataka,,Rock,Steel,61,131,211,53,101,570
968,Blacephalon,,Fire,Ghost,53,127,53,151,79,570
969,Zeraora,,Electric,,88,112,75,102,80,600
970,Meltan,,Steel,,46,65,65,55,35,300
971,Melmetal,,Steel,,135,143,143,80,65,600
972,Grookey,,Grass,,50,65,50,40,40,310
973,Thwackey,,Grass,,70,85,70,55,60,420
974,Rillaboom,,Grass,,100,125,90,60,70,530
975,Scorbunny,,Fire,,50,71,40,40,40,310
976,Raboot,,Fire,,65,86,60,55,60,420
977,Cinderace,,Fire,,80,116,75,65,75,530
978,Sobble,,Water,,50,40,40,70,40,310
979,Drizzile,,Water,,65,60,55,95,55,420
980,Inteleon,,Water,,70,85,65,125,65,530
981,Skwovet,,Normal,,70,55,55,35,35,275
982,Greedent,,Normal,,120,95,95,55,75,460
983,Rookidee,,Flying,,38,47,35,33,35,245
984,Corvisquire,,Flying,,68,67,55,43,55,365
985,Corviknight,,Flying,Steel,98,87,105,53,85,495
986,Blipbug,,Bug,,25,20,20,25,45,180
987,Dottler,,Bug,Psychic,50,35,80,50,90,335
988,Orbeetle,,Bug,Psychic,60,45,110,80,120,505
989,Nickit,,Dark,,40,28,28,47,52,245
990,Thievul,,Dark,,70,58,58,87,92,455
991,Gossifleur,,Grass,,40,40,60,40,60,250
992,Eldegoss,,Grass,,60,50,90,80,120,460
993,Wooloo,,Normal,,42,40,55,40,45,270
994,Dubwool,,Normal,,72,80,100,60,90,490
995,Chewtle,,Water,,50,64,50,38,38,284
996,Drednaw,,Water,Rock,90,115,90,48,68,485
997,Yamper,,Electric,,59,45,50,40,50,270
998,Boltund,,Electric,,69,90,60,90,60,490
999,Rolycoly,,Rock,,30,40,50,40,50,240
1000,Carkol,,Rock,Fire,80,60,90,60,70,410
1001,Coalossal,,Rock,Fire,110,80,120,80,90,510
1002,Applin,,Grass,Dragon,40,40,80,40,40,260
1003,Flapple,,Grass,Dragon,70,110,80,95,60,485
1004,Appletun,,Grass,Dragon,110,85,80,100,80,485
1005,Silicobra,,Ground,,52,57,75,35,50,315
1006,Sandaconda,,Ground,,72,107,125,65,70,510
1007,Cramorant,,Flying,Water,70,85,55,85,95,475
1008,Arrokuda,,Water,,41,63,40,40,30,280
1009,Barraskewda,,Water,,61,123,60,60,50,490
1010,Toxel,,Electric,Poison,40,38,35,54,35,242
1011,Toxtricity,Amped Form,Electric,Poison,75,98,70,114,70,502
1012,Toxtricity,Low Key Form,Electric,Poison,75,98,70,114,70,502
1013,Sizzlipede,,Fire,Bug,50,65,45,50,50,305
1014,Centiskorch,,Fire,Bug,100,115,65,90,90,525
1015,Clobbopus,,Fighting,,50,68,60,50,50,310
1016,Grapploct,,Fighting,,80,118,90,70,80,480
1017,Sinistea,,Ghost,,40,45,45,74,54,308
1018,Polteageist,,Ghost,,60,65,65,134,114,508
1019,Hatenna,,Psychic,,42,30,45,56,53,265
1020,Hattrem,,Psychic,,57,40,65,86,73,370
1021,Hatterene,,Psychic,Fairy,57,90,95,136,103,510
1022,Impidimp,,Dark,Fairy,45,45,30,55,40,265
1023,Morgrem,,Dark,Fairy,65,60,45,75,55,370
1024,Grimmsnarl,,Dark,Fairy,95,120,65,95,75,510
1025,Obstagoon,,Dark,Normal,93,90,101,60,81,520
1026,Perrserker,,Steel,,70,110,100,50,60,440
1027,Cursola,,Ghost,,60,95,50,145,130,510
1028,Sirfetch'd,,Fighting,,62,135,95,68,82,507
1029,Mr. Rime,,Ice,Psychic,80,85,75,110,100,520
1030,Runerigus,,Ground,Ghost,58,95,145,50,105,483
1031,Milcery,,Fairy,,45,40,40,50,61,270
1032,Alcremie,,Fairy,,65,60,75,110,121,495
1033,Falinks,,Fighting,,65,100,100,70,60,470
1034,Pincurchin,,Electric,,48,101,95,91,85,435
1035,Snom,,Ice,Bug,30,25,35,45,30,185
1036,Frosmoth,,Ice,Bug,70,65,60,125,90,475
1037,Stonjourner,,Rock,,100,125,135,20,20,470
1038,Eiscue,Ice Face,Ice,,75,80,110,65,90,470
1039,Eiscue,Noice Face,Ice,,75,80,70,65,50,470
1040,Indeedee,Male,Psychic,Normal,60,65,55,105,95,475
1041,Indeedee,Female,Psychic,Normal,70,55,65,95,105,475
1042,Morpeko,Full Belly Mode,Electric,Dark,58,95,58,70,58,436
1043,Morpeko,Hangry Mode,Electric,Dark,58,95,58,70,58,436
1044,Cufant,,Steel,,72,80,49,40,49,330
1045,Copperajah,,Steel,,122,130,69,80,69,500
1046,Dracozolt,,Electric,Dragon,90,100,90,80,70,505
1047,Arctozolt,,Electric,Ice,90,100,90,90,80,505
1048,Dracovish,,Water,Dragon,90,90,100,70,80,505
1049,Arctovish,,Water,Ice,90,90,100,80,90,505
1050,Duraludon,,Steel,Dragon,70,95,115,120,50,535
1051,Dreepy,,Dragon,Ghost,28,60,30,40,30,270
1052,Drakloak,,Dragon,Ghost,68,80,50,60,50,410
1053,Dragapult,,Dragon,Ghost,88,120,75,100,75,600
1054,Zacian,Hero of Many Battles,Fairy,,92,120,115,80,115,660
1055,Zacian,Crowned Sword,Fairy,Steel,92,150,115,80,115,700
1056,Zamazenta,Hero of Many Battles,Fighting,,92,120,115,80,115,660
1057,Zamazenta,Crowned Shield,Fighting,Steel,92,120,140,80,140,700
1058,Eternatus,,Poison,Dragon,140,85,95,145,95,690
1059,Eternatus,Eternamax,Poison,Dragon,255,115,250,125,250,1125
1060,Kubfu,,Fighting,,60,90,60,53,50,385
1061,Urshifu,Single Strike Style,Fighting,Dark,100,130,100,63,60,550
1062,Urshifu,Rapid Strike Style,Fighting,Water,100,130,100,63,60,550
1063,Zarude,,Dark,Grass,105,120,105,70,95,600
1064,Regieleki,,Electric,,80,100,50,100,50,580
1065,Regidrago,,Dragon,,200,100,50,100,50,580
1066,Glastrier,,Ice,,100,145,130,65,110,580
1067,Spectrier,,Ghost,,100,65,60,145,80,580
1068,Calyrex,,Psychic,Grass,100,80,80,80,80,500
1069,Calyrex,Ice Rider,Psychic,Ice,100,165,150,85,130,680
1070,Calyrex,Shadow Rider,Psychic,Ghost,100,85,80,165,100,680
1071,Wyrdeer,,Normal,Psychic,103,105,72,105,75,525
1072,Kleavor,,Bug,Rock,70,130,95,45,75,500
1073,Ursaluna,,Ground,Normal,130,140,105,45,80,550
1074,Basculegion,Male,Water,Ghost,120,112,65,80,75,530
1075,Basculegion,Female,Water,Ghost,120,92,65,100,75,530
1076,Sneasler,,Poison,Fighting,80,130,60,40,80,510
1077,Overqwil,,Dark,Poison,85,115,95,65,65,510
1078,Enamorus,Incarnate Forme,Fairy,Flying,74,115,70,135,80,580
1079,Enamorus,Therian Forme,Fairy,Flying,74,115,110,135,100,580
1080,Sprigatito,,Grass,,40,61,54,45,45,310
1081,Floragato,,Grass,,61,80,63,60,63,410
1082,Meowscarada,,Grass,Dark,76,110,70,81,70,530
1083,Fuecoco,,Fire,,67,45,59,63,40,310
1084,Crocalor,,Fire,,81,55,78,90,58,411
1085,Skeledirge,,Fire,Ghost,104,75,100,110,75,530
1086,Quaxly,,Water,,55,65,45,50,45,310
1087,Quaxwell,,Water,,70,85,65,65,60,410
1088,Quaquaval,,Water,Fighting,85,120,80,85,75,530
1089,Lechonk,,Normal,,54,45,40,35,45,254
1090,Oinkologne,Male,Normal,,110,100,75,59,80,489
1091,Oinkologne,Female,Normal,,115,90,70,59,90,489
1092,Tarountula,,Bug,,35,41,45,29,40,210
1093,Spidops,,Bug,,60,79,92,52,86,404
1094,Nymble,,Bug,,33,46,40,21,25,210
1095,Lokix,,Bug,Dark,71,102,78,52,55,450
1096,Pawmi,,Electric,,45,50,20,40,25,240
1097,Pawmo,,Electric,Fighting,60,75,40,50,40,350
1098,Pawmot,,Electric,Fighting,70,115,70,70,60,490
1099,Tandemaus,,Normal,,50,50,45,40,45,305
1100,Maushold,Family of Three,Normal,,74,75,70,65,75,470
1101,Maushold,Family of Four,Normal,,74,75,70,65,75,470
1102,Fidough,,Fairy,,37,55,70,30,55,312
1103,Dachsbun,,Fairy,,57,80,115,50,80,477
1104,Smoliv,,Grass,Normal,41,35,45,58,51,260
1105,Dolliv,,Grass,Normal,52,53,60,78,78,354
1106,Arboliva,,Grass,Normal,78,69,90,125,109,510
1107,Squawkabilly,Green Plumage,Normal,Flying,82,96,51,45,51,417
1108,Squawkabilly,Blue Plumage,Normal,Flying,82,96,51,45,51,417
1109,Squawkabilly,Yellow Plumage,Normal,Flying,82,96,51,45,51,417
1110,Squawkabilly,White Plumage,Normal,Flying,82,96,51,45,51,417
1111,Nacli,,Rock,,55,55,75,35,35,280
1112,Naclstack,,Rock,,60,60,100,35,65,355
1113,Garganacl,,Rock,,100,100,130,45,90,500
1114,Charcadet,,Fire,,40,50,40,50,40,255
1115,Armarouge,,Fire,Psychic,85,60,100,125,80,525
1116,Ceruledge,,Fire,Ghost,75,125,80,60,100,525
1117,Tadbulb,,Electric,,61,31,41,59,35,272
1118,Bellibolt,,Electric,,109,64,91,103,83,495
1119,Wattrel,,Electric,Flying,40,40,35,55,40,280
1120,Kilowattrel,,Electric,Flying,70,70,60,105,60,490
1121,Maschiff,,Dark,,60,78,60,40,51,340
1122,Mabosstiff,,Dark,,80,120,90,60,70,505
1123,Shroodle,,Poison,Normal,40,65,35,40,35,290
1124,Grafaiai,,Poison,Normal,63,95,65,80,72,485
1125,Bramblin,,Grass,Ghost,40,65,30,45,35,275
1126,Brambleghast,,Grass,Ghost,55,115,70,80,70,480
1127,Toedscool,,Ground,Grass,40,40,35,50,100,335
1128,Toedscruel,,Ground,Grass,80,70,65,80,120,515
1129,Klawf,,Rock,,70,100,115,35,55,450
1130,Capsakid,,Grass,,50,62,40,62,40,304
1131,Scovillain,,Grass,Fire,65,108,65,108,65,486
1132,Rellor,,Bug,,41,50,60,31,58,270
1133,Rabsca,,Bug,Psychic,75,50,85,115,100,470
1134,Flittle,,Psychic,,30,35,30,55,30,255
1135,Espathra,,Psychic,,95,60,60,101,60,481
1136,Tinkatink,,Fairy,Steel,50,45,45,35,64,297
1137,Tinkatuff,,Fairy,Steel,65,55,55,45,82,380
1138,Tinkaton,,Fairy,Steel,85,75,77,70,105,506
1139,Wiglett,,Water,,10,55,25,35,25,245
1140,Wugtrio,,Water,,35,100,50,50,70,425
1141,Bombirdier,,Flying,Dark,70,103,85,60,85,485
1142,Finizen,,Water,,70,45,40,45,40,315
1143,Palafin,Zero Form,Water,,100,70,72,53,62,457
1144,Palafin,Hero Form,Water,,100,160,97,106,87,650
1145,Varoom,,Steel,Poison,45,70,63,30,45,300
1146,Revavroom,,Steel,Poison,80,119,90,54,67,500
1147,Cyclizar,,Dragon,Normal,70,95,65,85,65,501
1148,Orthworm,,Steel,,70,85,145,60,55,480
1149,Glimmet,,Rock,Poison,48,35,42,105,60,350
1150,Glimmora,,Rock,Poison,83,55,90,130,81,525
1151,Greavard,,Ghost,,50,61,60,30,55,290
1152,Houndstone,,Ghost,,72,101,100,50,97,488
1153,Flamigo,,Flying,Fighting,82,115,74,75,64,500
1154,Cetoddle,,Ice,,108,68,45,30,40,334
1155,Cetitan,,Ice,,170,113,65,45,55,521
1156,Veluza,,Water,Psychic,90,102,73,78,65,478
1157,Dondozo,,Water,,150,100,115,65,65,530
1158,Tatsugiri,,Dragon,Water,68,50,60,120,95,475
1159,Annihilape,,Fighting,Ghost,110,115,80,50,90,535
1160,Clodsire,,Poison,Ground,130,75,60,45,100,430
1161,Farigiraf,,Normal,Psychic,120,90,70,110,70,520
1162,Dudunsparce,Two-Segment Form,Normal,,125,100,80,85,75,520
1163,Dudunsparce,Three-Segment Form,Normal,,125,100,80,85,75,520
1164,Kingambit,,Dark,Steel,100,135,120,60,85,550
1165,Great Tusk,,Ground,Fighting,115,131,131,53,53,570
1166,Scream Tail,,Fairy,Psychic,115,65,99,65,115,570
1167,Brute Bonnet,,Grass,Dark,111,127,99,79,99,570
1168,Flutter Mane,,Ghost,Fairy,55,55,55,135,135,570
1169,Slither Wing,,Bug,Fighting,85,135,79,85,105,570
1170,Sandy Shocks,,Electric,Ground,85,81,97,121,85,570
1171,Iron Treads,,Ground,Steel,90,112,120,72,70,570
1172,Iron Bundle,,Ice,Water,56,80,114,124,60,570
1173,Iron Hands,,Fighting,Electric,154,140,108,50,68,570
1174,Iron Jugulis,,Dark,Flying,94,80,86,122,80,570
1175,Iron Moth,,Fire,Poison,80,70,60,140,110,570
1176,Iron Thorns,,Rock,Electric,100,134,110,70,84,570
1177,Frigibax,,Dragon,Ice,65,75,45,35,45,320
1178,Arctibax,,Dragon,Ice,90,95,66,45,65,423
1179,Baxcalibur,,Dragon,Ice,115,145,92,75,86,600
1180,Gimmighoul,Chest Form,Ghost,,45,30,70,75,70,300
1181,Gimmighoul,Roaming Form,Ghost,,45,30,25,75,45,300
1182,Gholdengo,,Steel,Ghost,87,60,95,133,91,550
1183,Wo-Chien,,Dark,Grass,85,85,100,95,135,570
1184,Chien-Pao,,Dark,Ice,80,120,80,90,65,570
1185,Ting-Lu,,Dark,Ground,155,110,125,55,80,570
1186,Chi-Yu,,Dark,Fire,55,80,80,135,120,570
1187,Roaring Moon,,Dragon,Dark,105,139,71,55,101,590
1188,Iron Valiant,,Fairy,Fighting,74,130,90,120,60,590
1189,Koraidon,,Fighting,Dragon,100,135,115,85,100,670
1190,Miraidon,,Electric,Dragon,100,85,100,135,115,670
